87562912,成语小秀才,游戏,8297,89,豪腾天佑(北京)科技有限公司,轻松好玩的成语游戏，边玩边学成语。快来和好友比比词汇量吧！,"{'07-16': '8374', '07-17': '8313', '07-18': '8308', '07-19': '8591', '07-20': '8409', '07-21': '8436', '07-22': '8475', '07-23': '8565', '07-24': '8628', '07-25': '8620', '07-26': '8785', '07-27': '8370', '07-28': '8510', '07-29': '8161', '07-30': '8237', '07-31': '8422', '08-01': '8601', '08-02': '8624', '08-03': '8456', '08-04': '8715', '08-05': '8506', '08-06': '8743', '08-07': '8813', '08-08': '8723', '08-09': '8560', '08-10': '8664', '08-11': '8755', '08-12': '8309', '08-13': '8342', '08-14': '8297'}"
87534902,快来划水,游戏,8178,833,,休闲娱乐小游戏,"{'07-31': '7782', '08-01': '8017', '08-02': '8336', '08-03': '8237', '08-04': '8380', '08-05': '8274', '08-06': '7889', '08-07': '7698', '08-08': '8087', '08-09': '8193', '08-10': '8219', '08-11': '8221', '08-12': '8039', '08-13': '7967', '08-14': '8178'}"
87535966,枪火工厂,游戏,7751,90,个人,各式各样的酷炫枪支，来试试你的枪法如何。,"{'07-16': '7884', '07-17': '8061', '07-18': '7729', '07-19': '7629', '07-20': '7425', '07-21': '7521', '07-22': '7478', '07-23': '7136', '07-24': '7155', '07-25': '7138', '07-26': '7147', '07-27': '7065', '07-28': '7057', '07-29': '7064', '07-30': '7247', '07-31': '7630', '08-01': '8251', '08-02': '8176', '08-03': '8255', '08-04': '8218', '08-05': '7954', '08-06': '7761', '08-07': '7899', '08-08': '7640', '08-09': '7565', '08-10': '7485', '08-11': '7191', '08-12': '7768', '08-13': '7831', '08-14': '7751'}"
87552161,动物餐厅,游戏,7727,97,个人,动物餐厅是一款轻松、有趣、情感充沛的经营模拟挂机游戏，通过招待动物王国里的客人来了解他们背后的新奇故事。,"{'07-16': '6130', '07-17': '6310', '07-18': '6144', '07-19': '6242', '07-20': '6416', '07-21': '6422', '07-22': '6332', '07-23': '6511', '07-24': '6556', '07-25': '6694', '07-26': '6529', '07-27': '6733', '07-28': '6757', '07-29': '6778', '07-30': '6707', '07-31': '7339', '08-01': '8057', '08-02': '8363', '08-03': '8320', '08-04': '8389', '08-05': '8018', '08-06': '7981', '08-07': '8260', '08-08': '8323', '08-09': '7985', '08-10': '8187', '08-11': '8034', '08-12': '8185', '08-13': '7862', '08-14': '7727'}"
87563880,消灭病毒,游戏,7644,98,个人,消灭病毒，躲避病毒，升级武器，消灭病毒！,"{'07-16': '7939', '07-17': '8175', '07-18': '8249', '07-19': '8320', '07-20': '8283', '07-21': '8066', '07-22': '8255', '07-23': '7804', '07-24': '8115', '07-25': '7945', '07-26': '7807', '07-27': '7758', '07-28': '7867', '07-29': '7902', '07-30': '7713', '07-31': '7863', '08-01': '7985', '08-02': '7999', '08-03': '8026', '08-04': '7790', '08-05': '7634', '08-06': '7540', '08-07': '7670', '08-08': '7648', '08-09': '7315', '08-10': '7013', '08-11': '7019', '08-12': '7559', '08-13': '7727', '08-14': '7644'}"
87927567,英雄杀,游戏,7637,674,深圳市腾讯计算机系统有限公司,英雄杀系列小游戏,"{'08-01': '7127', '08-02': '7106', '08-03': '7268', '08-04': '7160', '08-05': '7183', '08-06': '7201', '08-07': '6963', '08-08': '7224', '08-09': '7200', '08-10': '7166', '08-11': '6984', '08-12': '7757', '08-13': '7607', '08-14': '7637'}"
88689931,欢乐斗地主,游戏,7479,99,深圳市腾讯计算机系统有限公司,国民经典棋牌游戏轻装蜕变，免下载马上玩！ 在线匹配与人斗乐，残局闯关智胜AI，单机对战轻松休闲，总有一款是你所爱~,"{'07-16': '7875', '07-17': '7867', '07-18': '7647', '07-19': '8343', '07-20': '8271', '07-21': '8267', '07-22': '8077', '07-23': '7910', '07-24': '7888', '07-25': '8051', '07-26': '7845', '07-27': '8156', '07-28': '8017', '07-29': '8177', '07-30': '7916', '07-31': '8125', '08-01': '8024', '08-02': '7915', '08-03': '7956', '08-04': '7946', '08-05': '7945', '08-06': '7555', '08-07': '7735', '08-08': '7685', '08-09': '7716', '08-10': '7265', '08-11': '7348', '08-12': '7921', '08-13': '7815', '08-14': '7479'}"
88675737,天天斗地主真人版,游戏,7474,38,深圳市禅游科技股份有限公司,天天斗地主是一款真人对战的斗地主，除了欢乐，癞子等经典玩法外，天天斗地主还推出排位赛，比赛场等深受大家喜欢的玩法。,"{'07-16': '6748', '07-17': '6684', '07-18': '6909', '07-19': '6659', '07-20': '6883', '07-21': '6968', '07-22': '6781', '07-23': '6946', '07-24': '7168', '07-25': '7127', '07-26': '7059', '07-27': '6909', '07-28': '6896', '07-29': '6798', '07-30': '6826', '07-31': '7063', '08-01': '7069', '08-02': '6993', '08-03': '7279', '08-04': '7453', '08-05': '7383', '08-06': '7436', '08-07': '7130', '08-08': '7223', '08-09': '7012', '08-10': '7149', '08-11': '7165', '08-12': '7742', '08-13': '7771', '08-14': '7474'}"
87927245,和平精英,游戏,7402,21,深圳市腾讯计算机系统有限公司,勇者同行，和平精英！快邀请好友来《和平精英》一起开黑吧！,"{'07-16': '7425', '07-17': '7529', '07-18': '7758', '07-19': '7683', '07-20': '7383', '07-21': '7375', '07-22': '7442', '07-23': '7160', '07-24': '6981', '07-25': '6894', '07-26': '6926', '07-27': '6951', '07-28': '7008', '07-29': '6980', '07-30': '6952', '07-31': '6982', '08-01': '6899', '08-02': '6771', '08-03': '6789', '08-04': '6775', '08-05': '6941', '08-06': '6924', '08-07': '7073', '08-08': '6918', '08-09': '7110', '08-10': '7239', '08-11': '7120', '08-12': '7781', '08-13': '7414', '08-14': '7402'}"
87534896,水上冲冲冲,游戏,7348,23,,水上冲冲冲,"{'07-31': '7376', '08-01': '7305', '08-02': '7328', '08-03': '7364', '08-04': '7406', '08-05': '7766', '08-06': '7871', '08-07': '7838', '08-08': '7994', '08-09': '7707', '08-10': '7740', '08-11': '7472', '08-12': '7802', '08-13': '7777', '08-14': '7348'}"
87534898,水上乐园滑梯竞速,游戏,7273,19,,1000万人在玩的爆款小游戏，夏日漂流，快来 划水，水上冲冲冲，水上滑梯乐园等你来~,"{'07-31': '7285', '08-01': '7234', '08-02': '7425', '08-03': '7389', '08-04': '7249', '08-05': '7327', '08-06': '7208', '08-07': '7229', '08-08': '7055', '08-09': '7315', '08-10': '7128', '08-11': '6965', '08-12': '7750', '08-13': '7675', '08-14': '7273'}"
87534815,成语中举,游戏,7214,723,,轻松学成语，开心涨知识。,"{'08-12': '7062', '08-13': '7161', '08-14': '7214'}"
87534814,火线部队,游戏,7138,798,,多人实时在线匹配，惊险刺激枪战，今晚吃鸡，大吉大利。,"{'08-12': '7068', '08-13': '7012', '08-14': '7138'}"
87534813,葫芦娃冲冲冲,游戏,7078,63,,“葫芦娃冲冲冲”是“葫芦娃”官方授权的跑酷射击类游戏,"{'08-12': '7749', '08-13': '7174', '08-14': '7078'}"
88688369,海盗来了,游戏,7032,708,北京豪腾嘉科科技有限公司,《海盗来了》是一款以海盗为题材的社交类小游戏。在这里您可以找到新的玩法，探索新的世界，结交新的朋友！,"{'07-16': '6782', '07-17': '6589', '07-18': '6465', '07-19': '6567', '07-20': '6564', '07-21': '6744', '07-22': '6719', '07-23': '6562', '07-24': '6805', '07-25': '6509', '07-26': '6814', '07-27': '6915', '07-28': '6699', '07-29': '6812', '07-30': '6735', '07-31': '6713', '08-01': '6802', '08-02': '6724', '08-03': '6728', '08-04': '6662', '08-05': '6649', '08-06': '6724', '08-07': '6911', '08-08': '6652', '08-09': '6647', '08-10': '6876', '08-11': '7003', '08-12': '7193', '08-13': '6989', '08-14': '7032'}"
87534816,全民CS,游戏,6999,824,,3D射击小游戏，还记得小时候玩过的CS吗？,"{'08-12': '6967', '08-13': '6834', '08-14': '6999'}"
87534894,水上跑酷大作战,游戏,6971,13,,3000万人在玩的爆款小游戏，夏日漂流，水上滑梯乐园等你来~,"{'07-31': '7153', '08-01': '7072', '08-02': '7098', '08-03': '7092', '08-04': '7171', '08-05': '7100', '08-06': '6989', '08-07': '6655', '08-08': '6530', '08-09': '6630', '08-10': '6417', '08-11': '6526', '08-12': '6384', '08-13': '6611', '08-14': '6971'}"
87598206,全民漂移3D,游戏,6893,853,个人,全民漂移，一款在抖音上火爆的赛车游戏。体验速度与激情，成为秋名山车神，狂暴飞车，飞驰人生，尽情漂移。全民飘逸，全民飘移。,"{'07-16': '7237', '07-17': '6976', '07-18': '7044', '07-19': '7277', '07-20': '7306', '07-21': '7136', '07-22': '7199', '07-23': '7366', '07-24': '7427', '07-25': '7246', '07-26': '7013', '07-27': '7025', '07-28': '6874', '07-29': '7183', '07-30': '6895', '07-31': '7134', '08-01': '7044', '08-02': '7045', '08-03': '6988', '08-04': '6951', '08-05': '6757', '08-06': '6799', '08-07': '6746', '08-08': '6949', '08-09': '6809', '08-10': '6634', '08-11': '6499', '08-12': '6613', '08-13': '6674', '08-14': '6893'}"
87535963,枪王之王×,游戏,6817,885,,开局一把枪，击中每一个在场的对手。,"{'07-16': '7732', '07-17': '7761', '07-18': '7820', '07-19': '7688', '07-20': '7311', '07-21': '7459', '07-22': '7397', '07-23': '7257', '07-24': '7186', '07-25': '7392', '07-26': '7251', '07-27': '7226', '07-28': '7043', '07-29': '7069', '07-30': '7417', '07-31': '7063', '08-01': '7189', '08-02': '7134', '08-03': '7289', '08-04': '7066', '08-05': '6893', '08-06': '7206', '08-07': '6720', '08-08': '6629', '08-09': '6815', '08-10': '6712', '08-11': '6645', '08-12': '7243', '08-13': '6519', '08-14': '6817'}"
88686822,几何大逃亡,游戏,6626,92,瀚叶互娱(上海)科技有限公司,我们是轻松休闲的竞技对抗游戏，欢乐球球的全民战争，全球同服小游戏，刺激战斗根本停不下来！,"{'07-16': '6849', '07-17': '6846', '07-18': '6661', '07-19': '6694', '07-20': '6945', '07-21': '6975', '07-22': '6808', '07-23': '6977', '07-24': '6777', '07-25': '6899', '07-26': '6769', '07-27': '6699', '07-28': '6655', '07-29': '6771', '07-30': '6888', '07-31': '6965', '08-01': '6732', '08-02': '6939', '08-03': '7035', '08-04': '7006', '08-05': '7137', '08-06': '6851', '08-07': '6714', '08-08': '6673', '08-09': '6932', '08-10': '6872', '08-11': '6944', '08-12': '6680', '08-13': '6655', '08-14': '6626'}"
87534940,坦克大战吃豆人小蜜蜂3合1,游戏,6616,84,,重温童年时代经典玩法，融合了坦克大战、吃豆人、小蜜蜂三合一的回忆杀，来与朋友一起回到那个时候游戏,"{'08-01': '6639', '08-02': '6706', '08-03': '6898', '08-04': '6857', '08-05': '6460', '08-06': '6339', '08-07': '6345', '08-08': '6289', '08-09': '6302', '08-10': '6343', '08-11': '6401', '08-12': '7735', '08-13': '7721', '08-14': '6616'}"
87550672,火柴人冲突,游戏,6615,860,个人,从前有根火柴挠了挠头，然后它就着了！,"{'07-16': '7739', '07-17': '7311', '07-18': '7578', '07-19': '7524', '07-20': '7313', '07-21': '7377', '07-22': '7276', '07-23': '7065', '07-24': '7028', '07-25': '6840', '07-26': '6877', '07-27': '6837', '07-28': '6667', '07-29': '7050', '07-30': '7075', '07-31': '7133', '08-01': '7053', '08-02': '6902', '08-03': '6840', '08-04': '6646', '08-05': '6747', '08-06': '6568', '08-07': '6714', '08-08': '6616', '08-09': '6564', '08-10': '6538', '08-11': '6483', '08-12': '6568', '08-13': '6389', '08-14': '6615'}"
87534890,过山车3D,游戏,6564,734,,一场惊险刺激的云霄过山车之旅，赶紧来挑战一下吧！,"{'07-31': '6872', '08-01': '6762', '08-02': '6784', '08-03': '6968', '08-04': '6851', '08-05': '6745', '08-06': '6926', '08-07': '6525', '08-08': '6635', '08-09': '6655', '08-10': '6341', '08-11': '6492', '08-12': '6237', '08-13': '6509', '08-14': '6564'}"
87550556,奥特曼传说之战格斗游戏,游戏,6559,726,,奥特曼打小怪兽格斗游戏大全，外星怪兽来袭，黑洞开启，率领奥特曼超级英雄兄弟携手对抗怪物大军，保卫地球大乱斗；赛罗、贝利亚,"{'07-16': '5915', '07-17': '6227', '07-18': '5920', '07-19': '6054', '07-20': '6007', '07-21': '5912', '07-22': '5891', '07-23': '5852', '07-24': '5946', '07-25': '5903', '07-26': '5984', '07-27': '6135', '07-28': '6352', '07-29': '6436', '07-30': '6243', '07-31': '6246', '08-01': '6546', '08-02': '6375', '08-03': '6825', '08-04': '6912', '08-05': '6624', '08-06': '6817', '08-07': '6714', '08-08': '6759', '08-09': '6752', '08-10': '6628', '08-11': '6659', '08-12': '6590', '08-13': '6509', '08-14': '6559'}"
88686720,途游斗地主,游戏,6523,898,在线途游(北京)科技有限公司,可以赚红包的斗地主。闯关、比赛、金币场、自建房间，各种玩法应有尽有！,"{'07-16': '6768', '07-17': '6784', '07-18': '7032', '07-19': '6932', '07-20': '6966', '07-21': '6866', '07-22': '7121', '07-23': '6814', '07-24': '6931', '07-25': '6824', '07-26': '6728', '07-27': '6681', '07-28': '6599', '07-29': '6549', '07-30': '6723', '07-31': '6898', '08-01': '6672', '08-02': '6592', '08-03': '6678', '08-04': '6719', '08-05': '6700', '08-06': '6538', '08-07': '6387', '08-08': '6561', '08-09': '6506', '08-10': '6313', '08-11': '6181', '08-12': '6304', '08-13': '6201', '08-14': '6523'}"
87535965,成语打江山,游戏,6478,760,个人,成语打江山，用知识统治全世界！,"{'07-16': '6616', '07-17': '6695', '07-18': '6664', '07-19': '6618', '07-20': '6689', '07-21': '6728', '07-22': '6832', '07-23': '6507', '07-24': '6489', '07-25': '6673', '07-26': '6582', '07-27': '6699', '07-28': '6648', '07-29': '6645', '07-30': '6723', '07-31': '6531', '08-01': '6697', '08-02': '6570', '08-03': '6763', '08-04': '6653', '08-05': '6692', '08-06': '6525', '08-07': '6718', '08-08': '6325', '08-09': '6324', '08-10': '6404', '08-11': '6410', '08-12': '6319', '08-13': '6404', '08-14': '6478'}"
87534892,全民枪神边境王者,游戏,6478,23,,真枪战！3D自由移动，团队爆破打僵尸，支持5V5多人开黑，打造10亿游戏玩家的抢占梦想！,"{'07-31': '6945', '08-01': '6950', '08-02': '6785', '08-03': '6951', '08-04': '6966', '08-05': '7055', '08-06': '6736', '08-07': '6939', '08-08': '6721', '08-09': '6849', '08-10': '6607', '08-11': '6446', '08-12': '6736', '08-13': '6606', '08-14': '6478'}"
87534895,和平精英拼团红包,游戏,6473,755,,和平精英拼团红包，分享给好友，一起瓜分奖励~,"{'07-31': '7283', '08-01': '7267', '08-02': '7220', '08-03': '7200', '08-04': '6917', '08-05': '7090', '08-06': '7095', '08-07': '6957', '08-08': '6853', '08-09': '6785', '08-10': '6531', '08-11': '6491', '08-12': '6623', '08-13': '6403', '08-14': '6473'}"
87559790,乱斗英雄,游戏,6424,100,个人,"英雄集结,深渊之战一触即发！","{'07-16': '6991', '07-17': '7071', '07-18': '7056', '07-19': '7197', '07-20': '7052', '07-21': '6884', '07-22': '7150', '07-23': '6994', '07-24': '6896', '07-25': '6851', '07-26': '6702', '07-27': '6972', '07-28': '6765', '07-29': '7093', '07-30': '6733', '07-31': '6970', '08-01': '6905', '08-02': '7080', '08-03': '6672', '08-04': '6504', '08-05': '6492', '08-06': '6560', '08-07': '6658', '08-08': '6526', '08-09': '6690', '08-10': '6634', '08-11': '6651', '08-12': '6556', '08-13': '6458', '08-14': '6424'}"
88451435,贪吃蛇大作战,游戏,6423,868,武汉微派网络科技有限公司,贪吃蛇大作战，4亿人都爱玩的休闲游戏,"{'07-16': '6044', '07-17': '6137', '07-18': '6194', '07-19': '6003', '07-20': '5975', '07-21': '6143', '07-22': '5915', '07-23': '6089', '07-24': '5922', '07-25': '6173', '07-26': '5887', '07-27': '6203', '07-28': '6164', '07-29': '6439', '07-30': '6252', '07-31': '6423', '08-01': '6414', '08-02': '6521', '08-03': '6419', '08-04': '6540', '08-05': '6526', '08-06': '6488', '08-07': '6300', '08-08': '6161', '08-09': '6315', '08-10': '6170', '08-11': '6132', '08-12': '6360', '08-13': '6185', '08-14': '6423'}"
87534889,萌兔乐翻天,游戏,6359,781,,原萌宠王者全新版本，更多卡牌陆续推出，更多内容惊喜开放。,"{'07-31': '6952', '08-01': '6810', '08-02': '6907', '08-03': '7047', '08-04': '6916', '08-05': '6832', '08-06': '6551', '08-07': '6631', '08-08': '6484', '08-09': '6297', '08-10': '6288', '08-11': '6341', '08-12': '6164', '08-13': '6266', '08-14': '6359'}"
87535052,火柴人世界,游戏,6347,885,,火柴人大作战,"{'07-17': '7028', '07-18': '7115', '07-19': '6869', '07-20': '7173', '07-21': '7083', '07-22': '7144', '07-23': '7019', '07-24': '6709', '07-25': '6764', '07-26': '6627', '07-27': '6373', '07-28': '6535', '07-29': '6589', '07-30': '6434', '07-31': '6526', '08-01': '6596', '08-02': '6592', '08-03': '6286', '08-04': '6138', '08-05': '6104', '08-06': '6322', '08-07': '6452', '08-08': '6135', '08-09': '6333', '08-10': '6197', '08-11': '6337', '08-12': '6111', '08-13': '6070', '08-14': '6347'}"
87534891,夏日漂流,游戏,6344,16,,炎炎夏日，一起来享受这个多彩而有趣的水上滑梯游戏吧！,"{'07-31': '7030', '08-01': '6999', '08-02': '7183', '08-03': '6899', '08-04': '6874', '08-05': '6694', '08-06': '6944', '08-07': '6761', '08-08': '6648', '08-09': '6819', '08-10': '6426', '08-11': '6428', '08-12': '6466', '08-13': '6450', '08-14': '6344'}"
87558765,成语中状元,游戏,6343,564,个人,挑战成语接龙大考验，厚积薄发传承中华文化，成为成语最强王者。,"{'07-16': '6665', '07-17': '6354', '07-18': '6590', '07-19': '6433', '07-20': '6571', '07-21': '6725', '07-22': '6542', '07-23': '6656', '07-24': '6443', '07-25': '6495', '07-26': '6747', '07-27': '6707', '07-28': '6589', '07-29': '6853', '07-30': '6478', '07-31': '6509', '08-01': '6690', '08-02': '6777', '08-03': '6698', '08-04': '6487', '08-05': '6754', '08-06': '6679', '08-07': '6628', '08-08': '6562', '08-09': '6340', '08-10': '6203', '08-11': '6225', '08-12': '6258', '08-13': '6338', '08-14': '6343'}"
87535053,爱江山更爱美人,游戏,6310,678,,清宫一恋，恋之永恒！这一次，由你重新定义清宫古风之美！,"{'07-17': '7109', '07-18': '7256', '07-19': '7358', '07-20': '7181', '07-21': '7276', '07-22': '7209', '07-23': '7314', '07-24': '7473', '07-25': '7432', '07-26': '7491', '07-27': '7517', '07-28': '7270', '07-29': '7456', '07-30': '7425', '07-31': '7456', '08-01': '7194', '08-02': '7055', '08-03': '7004', '08-04': '6798', '08-05': '6908', '08-06': '6615', '08-07': '6833', '08-08': '6481', '08-09': '6387', '08-10': '6249', '08-11': '6324', '08-12': '6380', '08-13': '6284', '08-14': '6310'}"
87535051,小主成长攻略,游戏,6207,851,,小主成长攻略,"{'07-17': '6980', '07-18': '6922', '07-19': '6881', '07-20': '6979', '07-21': '6912', '07-22': '6792', '07-23': '6880', '07-24': '6559', '07-25': '6690', '07-26': '6346', '07-27': '6308', '07-28': '6471', '07-29': '6215', '07-30': '6226', '07-31': '6197', '08-01': '6362', '08-02': '6467', '08-03': '6304', '08-04': '6458', '08-05': '6191', '08-06': '6117', '08-07': '6191', '08-08': '6192', '08-09': '6204', '08-10': '6196', '08-11': '6076', '08-12': '6347', '08-13': '6013', '08-14': '6207'}"
87534888,救救小动物,游戏,6194,87,,快来救救小动物，帮他们回家吧！,"{'07-31': '6926', '08-01': '6868', '08-02': '6806', '08-03': '6770', '08-04': '6632', '08-05': '6459', '08-06': '6621', '08-07': '6678', '08-08': '6467', '08-09': '6487', '08-10': '6294', '08-11': '6211', '08-12': '6459', '08-13': '6278', '08-14': '6194'}"
87785400,宝宝爱牙齿,游戏,6157,812,福州元燕网络科技有限公司,宝宝小牙医。宝宝儿童益智小游戏，开发宝宝大脑，通过给可爱的小动物看牙齿，让宝宝在游戏中当上小牙医。,"{'07-16': '6132', '07-17': '6265', '07-18': '6211', '07-19': '6129', '07-20': '6154', '07-21': '6228', '07-22': '6223', '07-23': '6028', '07-24': '6033', '07-25': '6195', '07-26': '5932', '07-27': '6142', '07-28': '5952', '07-29': '6110', '07-30': '6054', '07-31': '6147', '08-01': '6234', '08-02': '6099', '08-03': '6271', '08-04': '6185', '08-05': '6197', '08-06': '6281', '08-07': '5924', '08-08': '6078', '08-09': '6056', '08-10': '6072', '08-11': '5898', '08-12': '6124', '08-13': '6030', '08-14': '6157'}"
88688052,欢乐球球,游戏,6110,40,个人,欢乐球球，弹性十足，比一比，跳一跳，看谁最厉害~,"{'07-16': '6547', '07-17': '6242', '07-18': '6398', '07-19': '6261', '07-20': '6196', '07-21': '6299', '07-22': '6168', '07-23': '6470', '07-24': '6453', '07-25': '6278', '07-26': '6592', '07-27': '6584', '07-28': '6479', '07-29': '6499', '07-30': '6755', '07-31': '6392', '08-01': '6692', '08-02': '6694', '08-03': '6703', '08-04': '6487', '08-05': '6473', '08-06': '6604', '08-07': '6459', '08-08': '6441', '08-09': '6424', '08-10': '6158', '08-11': '6092', '08-12': '6019', '08-13': '6261', '08-14': '6110'}"
88454702,开心消消乐,游戏,6092,56,乐元素科技(北京)股份有限公司,《开心消消乐》官方出品，为粉丝精心打造的资讯和社交平台，提供最新游戏资讯、攻略和活动，也有超多社区好友与您分享游戏乐趣~,"{'07-16': '6272', '07-17': '6393', '07-18': '6314', '07-19': '6490', '07-20': '6250', '07-21': '6185', '07-22': '6089', '07-23': '6415', '07-24': '6197', '07-25': '6500', '07-26': '6157', '07-27': '6353', '07-28': '6330', '07-29': '6310', '07-30': '6196', '07-31': '6314', '08-01': '6411', '08-02': '6240', '08-03': '6500', '08-04': '6395', '08-05': '6371', '08-06': '6272', '08-07': '6341', '08-08': '6427', '08-09': '6280', '08-10': '6064', '08-11': '6177', '08-12': '6229', '08-13': '6120', '08-14': '6092'}"
87814983,泡泡龙大师,游戏,6078,15,个人,超好玩的经典泡泡龙消除！,"{'07-16': '6410', '07-17': '6297', '07-18': '6361', '07-19': '6432', '07-20': '6427', '07-21': '6448', '07-22': '6547', '07-23': '6446', '07-24': '6432', '07-25': '6306', '07-26': '6370', '07-27': '6328', '07-28': '6365', '07-29': '6339', '07-30': '6460', '07-31': '6284', '08-01': '6382', '08-02': '6317', '08-03': '6381', '08-04': '6343', '08-05': '6375', '08-06': '6260', '08-07': '6403', '08-08': '6283', '08-09': '5998', '08-10': '6019', '08-11': '6062', '08-12': '6034', '08-13': '6204', '08-14': '6078'}"
87547502,图形穿越,游戏,6051,839,个人,3D类休闲游戏，圆形、方形、三角形，so easy!，真的吗？试试就知道~~~,"{'07-16': '6441', '07-17': '6715', '07-18': '6554', '07-19': '6416', '07-20': '6471', '07-21': '6497', '07-22': '6562', '07-23': '6277', '07-24': '6512', '07-25': '6511', '07-26': '6520', '07-27': '6503', '07-28': '6489', '07-29': '6609', '07-30': '6585', '07-31': '6562', '08-01': '6257', '08-02': '6335', '08-03': '6156', '08-04': '6279', '08-05': '6204', '08-06': '6132', '08-07': '6127', '08-08': '6230', '08-09': '6220', '08-10': '5969', '08-11': '5914', '08-12': '6147', '08-13': '5885', '08-14': '6051'}"
87598329,爆破飞车,游戏,6039,715,个人,快来游戏中爆破其他玩家的飞车！ 简单合成获得最强改装超级跑车！,"{'07-16': '6072', '07-17': '5876', '07-18': '6017', '07-19': '5767', '07-20': '5840', '07-21': '5832', '07-22': '5950', '07-23': '5960', '07-24': '6042', '07-25': '5758', '07-26': '5747', '07-27': '5837', '07-28': '5761', '07-29': '5783', '07-30': '5805', '07-31': '5909', '08-01': '5986', '08-02': '6073', '08-03': '5836', '08-04': '5800', '08-05': '6000', '08-06': '5865', '08-07': '5689', '08-08': '5787', '08-09': '5773', '08-10': '5930', '08-11': '6091', '08-12': '6059', '08-13': '5999', '08-14': '6039'}"
87550559,带我上车,游戏,6038,824,,带我上车,"{'07-16': '6013', '07-17': '6198', '07-18': '6028', '07-19': '6231', '07-20': '6191', '07-21': '6312', '07-22': '6236', '07-23': '6283', '07-24': '6240', '07-25': '6008', '07-26': '5924', '07-27': '5935', '07-28': '5834', '07-29': '5871', '07-30': '5906', '07-31': '5865', '08-01': '5902', '08-02': '6001', '08-03': '6120', '08-04': '5974', '08-05': '6152', '08-06': '6042', '08-07': '6002', '08-08': '6040', '08-09': '6066', '08-10': '5801', '08-11': '5696', '08-12': '5763', '08-13': '5896', '08-14': '6038'}"
87550554,飞刀贼6,游戏,6036,56,,超刺激的飞刀对决，和百万玩家一起在线PK！,"{'07-16': '6380', '07-17': '6362', '07-18': '6091', '07-19': '6119', '07-20': '6039', '07-21': '6199', '07-22': '6226', '07-23': '6176', '07-24': '6103', '07-25': '5994', '07-26': '6107', '07-27': '6222', '07-28': '6318', '07-29': '6217', '07-30': '6114', '07-31': '6009', '08-01': '6254', '08-02': '6126', '08-03': '5980', '08-04': '5880', '08-05': '6046', '08-06': '5989', '08-07': '6064', '08-08': '6061', '08-09': '6033', '08-10': '5885', '08-11': '5909', '08-12': '5793', '08-13': '6079', '08-14': '6036'}"
87648231,守护蛋蛋,游戏,6030,715,个人,不要让蛋蛋掉下车哦~,"{'07-16': '6048', '07-17': '5987', '07-18': '6023', '07-19': '6199', '07-20': '6018', '07-21': '6158', '07-22': '6035', '07-23': '5978', '07-24': '5869', '07-25': '6176', '07-26': '5901', '07-27': '6105', '07-28': '5917', '07-29': '6028', '07-30': '5986', '07-31': '5920', '08-01': '6022', '08-02': '5991', '08-03': '6041', '08-04': '6091', '08-05': '5960', '08-06': '5961', '08-07': '6096', '08-08': '6016', '08-09': '5880', '08-10': '6022', '08-11': '5987', '08-12': '5815', '08-13': '5990', '08-14': '6030'}"
87800656,吃鸡碰碰车,游戏,5993,474,个人,激情碰碰，欢乐无限！,"{'07-16': '6143', '07-17': '6170', '07-18': '6074', '07-19': '6060', '07-20': '5775', '07-21': '5908', '07-22': '5650', '07-23': '5994', '07-24': '5975', '07-25': '5737', '07-26': '5732', '07-27': '5767', '07-28': '5889', '07-29': '5708', '07-30': '5734', '07-31': '5997', '08-01': '5736', '08-02': '5861', '08-03': '5886', '08-04': '6011', '08-05': '5756', '08-06': '5779', '08-07': '5953', '08-08': '5804', '08-09': '5747', '08-10': '5965', '08-11': '6039', '08-12': '5914', '08-13': '5992', '08-14': '5993'}"
87544944,疯狂派对游戏软件,游戏,5937,736,个人,这是一款非常魔性且蠢萌的多人格斗类游戏。将对手丢出场外，你就赢啦！,"{'07-16': '6290', '07-17': '6335', '07-18': '6119', '07-19': '6292', '07-20': '6375', '07-21': '6178', '07-22': '6284', '07-23': '6141', '07-24': '6228', '07-25': '6321', '07-26': '6172', '07-27': '6261', '07-28': '6210', '07-29': '6242', '07-30': '6082', '07-31': '6240', '08-01': '6315', '08-02': '6314', '08-03': '6082', '08-04': '6010', '08-05': '6013', '08-06': '6066', '08-07': '6147', '08-08': '6069', '08-09': '6116', '08-10': '6044', '08-11': '5891', '08-12': '6181', '08-13': '5886', '08-14': '5937'}"
88634652,星星消除计划,游戏,5902,784,成都千墨科技有限公司,全民玩转星星，消消乐趣无穷。,"{'07-16': '5868', '07-17': '5685', '07-18': '5932', '07-19': '5798', '07-20': '5756', '07-21': '5890', '07-22': '5853', '07-23': '5909', '07-24': '5882', '07-25': '5933', '07-26': '6012', '07-27': '5695', '07-28': '5755', '07-29': '5700', '07-30': '5803', '07-31': '5885', '08-01': '5762', '08-02': '5925', '08-03': '5764', '08-04': '5854', '08-05': '5728', '08-06': '5657', '08-07': '5931', '08-08': '5629', '08-09': '5682', '08-10': '5896', '08-11': '5840', '08-12': '5790', '08-13': '5813', '08-14': '5902'}"
87561253,球球涂色,游戏,5892,845,个人,球球涂色益智解谜游戏，让喷溅颜色的小球填满迷宫吧！,"{'07-16': '6210', '07-17': '6158', '07-18': '6258', '07-19': '6100', '07-20': '6206', '07-21': '6178', '07-22': '6233', '07-23': '6156', '07-24': '6153', '07-25': '6107', '07-26': '6284', '07-27': '6008', '07-28': '5929', '07-29': '6021', '07-30': '5902', '07-31': '6032', '08-01': '6218', '08-02': '6081', '08-03': '6011', '08-04': '5890', '08-05': '6091', '08-06': '5940', '08-07': '5965', '08-08': '6061', '08-09': '5798', '08-10': '5838', '08-11': '5820', '08-12': '5804', '08-13': '5720', '08-14': '5892'}"
